list_id,metric,status_code,status,alteration_type,comid,gage_id
10255810,DS_Dur_WS,1,likely_unaltered,none_found,22595619,10255810
10255810,DS_Tim,1,likely_unaltered,none_found,22595619,10255810
10255810,DS_Mag_50,1,likely_unaltered,none_found,22595619,10255810
10255810,DS_Mag_90,1,likely_unaltered,none_found,22595619,10255810
10255810,FA_Dur,1,likely_unaltered,none_found,22595619,10255810
10255810,FA_Mag,1,likely_unaltered,none_found,22595619,10255810
10255810,FA_Tim,1,likely_unaltered,none_found,22595619,10255810
10255810,Wet_Tim,1,likely_unaltered,none_found,22595619,10255810
10255810,SP_ROC,-1,likely_altered,high,22595619,10255810
10255810,SP_Dur,1,likely_unaltered,none_found,22595619,10255810
10255810,SP_Mag,1,likely_unaltered,none_found,22595619,10255810
10255810,SP_Tim,1,likely_unaltered,none_found,22595619,10255810
10255810,Wet_BFL_Dur,1,likely_unaltered,none_found,22595619,10255810
10255810,Wet_BFL_Mag_10,1,likely_unaltered,none_found,22595619,10255810
10255810,Wet_BFL_Mag_50,1,likely_unaltered,none_found,22595619,10255810
10255810,Peak_Dur_10,1,likely_unaltered,none_found,22595619,10255810
10255810,Peak_Dur_2,1,likely_unaltered,none_found,22595619,10255810
10255810,Peak_Dur_5,1,likely_unaltered,none_found,22595619,10255810
10255810,Peak_10,-1,likely_altered,high,22595619,10255810
10255810,Peak_2,-1,likely_altered,high,22595619,10255810
10255810,Peak_5,-1,likely_altered,low,22595619,10255810
10255810,Peak_Fre_10,1,likely_unaltered,none_found,22595619,10255810
10255810,Peak_Fre_2,1,likely_unaltered,none_found,22595619,10255810
10255810,Peak_Fre_5,1,likely_unaltered,none_found,22595619,10255810
10257600,DS_Dur_WS,1,likely_unaltered,none_found,22590267,10257600
10257600,DS_Tim,1,likely_unaltered,none_found,22590267,10257600
10257600,DS_Mag_50,1,likely_unaltered,none_found,22590267,10257600
10257600,DS_Mag_90,1,likely_unaltered,none_found,22590267,10257600
10257600,FA_Dur,1,likely_unaltered,none_found,22590267,10257600
10257600,FA_Mag,1,likely_unaltered,none_found,22590267,10257600
10257600,FA_Tim,1,likely_unaltered,none_found,22590267,10257600
10257600,Wet_Tim,1,likely_unaltered,none_found,22590267,10257600
10257600,SP_ROC,1,likely_unaltered,none_found,22590267,10257600
10257600,SP_Dur,1,likely_unaltered,none_found,22590267,10257600
10257600,SP_Mag,1,likely_unaltered,none_found,22590267,10257600
10257600,SP_Tim,1,likely_unaltered,none_found,22590267,10257600
10257600,Wet_BFL_Dur,1,likely_unaltered,none_found,22590267,10257600
10257600,Wet_BFL_Mag_10,1,likely_unaltered,none_found,22590267,10257600
10257600,Wet_BFL_Mag_50,1,likely_unaltered,none_found,22590267,10257600
10257600,Peak_Dur_10,1,likely_unaltered,none_found,22590267,10257600
10257600,Peak_Dur_2,1,likely_unaltered,none_found,22590267,10257600
10257600,Peak_Dur_5,1,likely_unaltered,none_found,22590267,10257600
10257600,Peak_10,-1,likely_altered,high,22590267,10257600
10257600,Peak_2,-1,likely_altered,low,22590267,10257600
10257600,Peak_5,-1,likely_altered,high,22590267,10257600
10257600,Peak_Fre_10,1,likely_unaltered,none_found,22590267,10257600
10257600,Peak_Fre_2,1,likely_unaltered,none_found,22590267,10257600
10257600,Peak_Fre_5,1,likely_unaltered,none_found,22590267,10257600
10259000,DS_Dur_WS,1,likely_unaltered,none_found,22592131,10259000
10259000,DS_Tim,1,likely_unaltered,none_found,22592131,10259000
10259000,DS_Mag_50,1,likely_unaltered,none_found,22592131,10259000
10259000,DS_Mag_90,1,likely_unaltered,none_found,22592131,10259000
10259000,FA_Dur,1,likely_unaltered,none_found,22592131,10259000
10259000,FA_Mag,1,likely_unaltered,none_found,22592131,10259000
10259000,FA_Tim,1,likely_unaltered,none_found,22592131,10259000
10259000,Wet_Tim,1,likely_unaltered,none_found,22592131,10259000
10259000,SP_ROC,1,likely_unaltered,none_found,22592131,10259000
10259000,SP_Dur,1,likely_unaltered,none_found,22592131,10259000
10259000,SP_Mag,1,likely_unaltered,none_found,22592131,10259000
10259000,SP_Tim,1,likely_unaltered,none_found,22592131,10259000
10259000,Wet_BFL_Dur,1,likely_unaltered,none_found,22592131,10259000
10259000,Wet_BFL_Mag_10,1,likely_unaltered,none_found,22592131,10259000
10259000,Wet_BFL_Mag_50,0,indeterminate,high,22592131,10259000
10259000,Peak_Dur_10,1,likely_unaltered,none_found,22592131,10259000
10259000,Peak_Dur_2,1,likely_unaltered,none_found,22592131,10259000
10259000,Peak_Dur_5,1,likely_unaltered,none_found,22592131,10259000
10259000,Peak_10,-1,likely_altered,high,22592131,10259000
10259000,Peak_2,-1,likely_altered,low,22592131,10259000
10259000,Peak_5,-1,likely_altered,high,22592131,10259000
10259000,Peak_Fre_10,1,likely_unaltered,none_found,22592131,10259000
10259000,Peak_Fre_2,1,likely_unaltered,none_found,22592131,10259000
10259000,Peak_Fre_5,1,likely_unaltered,none_found,22592131,10259000
10259200,DS_Dur_WS,1,likely_unaltered,none_found,22592497,10259200
10259200,DS_Tim,1,likely_unaltered,none_found,22592497,10259200
10259200,DS_Mag_50,1,likely_unaltered,none_found,22592497,10259200
10259200,DS_Mag_90,1,likely_unaltered,none_found,22592497,10259200
10259200,FA_Dur,1,likely_unaltered,none_found,22592497,10259200
10259200,FA_Mag,1,likely_unaltered,none_found,22592497,10259200
10259200,FA_Tim,1,likely_unaltered,none_found,22592497,10259200
10259200,Wet_Tim,1,likely_unaltered,none_found,22592497,10259200
10259200,SP_ROC,1,likely_unaltered,none_found,22592497,10259200
10259200,SP_Dur,1,likely_unaltered,none_found,22592497,10259200
10259200,SP_Mag,1,likely_unaltered,none_found,22592497,10259200
10259200,SP_Tim,1,likely_unaltered,none_found,22592497,10259200
10259200,Wet_BFL_Dur,1,likely_unaltered,none_found,22592497,10259200
10259200,Wet_BFL_Mag_10,1,likely_unaltered,none_found,22592497,10259200
10259200,Wet_BFL_Mag_50,0,indeterminate,high,22592497,10259200
10259200,Peak_Dur_10,1,likely_unaltered,none_found,22592497,10259200
10259200,Peak_Dur_2,1,likely_unaltered,none_found,22592497,10259200
10259200,Peak_Dur_5,1,likely_unaltered,none_found,22592497,10259200
10259200,Peak_10,-1,likely_altered,low,22592497,10259200
10259200,Peak_2,-1,likely_altered,low,22592497,10259200
10259200,Peak_5,1,likely_unaltered,none_found,22592497,10259200
10259200,Peak_Fre_10,1,likely_unaltered,none_found,22592497,10259200
10259200,Peak_Fre_2,1,likely_unaltered,none_found,22592497,10259200
10259200,Peak_Fre_5,1,likely_unaltered,none_found,22592497,10259200
10263500,DS_Dur_WS,1,likely_unaltered,none_found,22684930,10263500
10263500,DS_Tim,1,likely_unaltered,none_found,22684930,10263500
10263500,DS_Mag_50,1,likely_unaltered,none_found,22684930,10263500
10263500,DS_Mag_90,1,likely_unaltered,none_found,22684930,10263500
10263500,FA_Dur,1,likely_unaltered,none_found,22684930,10263500
10263500,FA_Mag,1,likely_unaltered,none_found,22684930,10263500
10263500,FA_Tim,1,likely_unaltered,none_found,22684930,10263500
10263500,Wet_Tim,1,likely_unaltered,none_found,22684930,10263500
10263500,SP_ROC,1,likely_unaltered,none_found,22684930,10263500
10263500,SP_Dur,1,likely_unaltered,none_found,22684930,10263500
10263500,SP_Mag,1,likely_unaltered,none_found,22684930,10263500
10263500,SP_Tim,1,likely_unaltered,none_found,22684930,10263500
10263500,Wet_BFL_Dur,1,likely_unaltered,none_found,22684930,10263500
10263500,Wet_BFL_Mag_10,1,likely_unaltered,none_found,22684930,10263500
10263500,Wet_BFL_Mag_50,1,likely_unaltered,none_found,22684930,10263500
10263500,Peak_Dur_10,1,likely_unaltered,none_found,22684930,10263500
10263500,Peak_Dur_2,1,likely_unaltered,none_found,22684930,10263500
10263500,Peak_Dur_5,1,likely_unaltered,none_found,22684930,10263500
10263500,Peak_10,-1,likely_altered,low,22684930,10263500
10263500,Peak_2,-1,likely_altered,low,22684930,10263500
10263500,Peak_5,-1,likely_altered,high,22684930,10263500
10263500,Peak_Fre_10,1,likely_unaltered,none_found,22684930,10263500
10263500,Peak_Fre_2,1,likely_unaltered,none_found,22684930,10263500
10263500,Peak_Fre_5,1,likely_unaltered,none_found,22684930,10263500
10264000,DS_Dur_WS,1,likely_unaltered,none_found,22681934,10264000
10264000,DS_Tim,1,likely_unaltered,none_found,22681934,10264000
10264000,DS_Mag_50,1,likely_unaltered,none_found,22681934,10264000
10264000,DS_Mag_90,1,likely_unaltered,none_found,22681934,10264000
10264000,FA_Dur,-1,likely_altered,high,22681934,10264000
10264000,FA_Mag,1,likely_unaltered,none_found,22681934,10264000
10264000,FA_Tim,1,likely_unaltered,none_found,22681934,10264000
10264000,Wet_Tim,1,likely_unaltered,none_found,22681934,10264000
10264000,SP_ROC,1,likely_unaltered,none_found,22681934,10264000
10264000,SP_Dur,1,likely_unaltered,none_found,22681934,10264000
10264000,SP_Mag,1,likely_unaltered,none_found,22681934,10264000
10264000,SP_Tim,1,likely_unaltered,none_found,22681934,10264000
10264000,Wet_BFL_Dur,1,likely_unaltered,none_found,22681934,10264000
10264000,Wet_BFL_Mag_10,1,likely_unaltered,none_found,22681934,10264000
10264000,Wet_BFL_Mag_50,1,likely_unaltered,none_found,22681934,10264000
10264000,Peak_Dur_10,1,likely_unaltered,none_found,22681934,10264000
10264000,Peak_Dur_2,1,likely_unaltered,none_found,22681934,10264000
10264000,Peak_Dur_5,1,likely_unaltered,none_found,22681934,10264000
10264000,Peak_10,-1,likely_altered,high,22681934,10264000
10264000,Peak_2,-1,likely_altered,high,22681934,10264000
10264000,Peak_5,-1,likely_altered,high,22681934,10264000
10264000,Peak_Fre_10,1,likely_unaltered,none_found,22681934,10264000
10264000,Peak_Fre_2,1,likely_unaltered,none_found,22681934,10264000
10264000,Peak_Fre_5,1,likely_unaltered,none_found,22681934,10264000
10291500,DS_Dur_WS,1,likely_unaltered,none_found,8915907,10291500
10291500,DS_Tim,1,likely_unaltered,none_found,8915907,10291500
10291500,DS_Mag_50,1,likely_unaltered,none_found,8915907,10291500
10291500,DS_Mag_90,1,likely_unaltered,none_found,8915907,10291500
10291500,FA_Mag,1,likely_unaltered,none_found,8915907,10291500
10291500,FA_Tim,1,likely_unaltered,none_found,8915907,10291500
10291500,Wet_Tim,0,indeterminate,late,8915907,10291500
10291500,SP_Dur,1,likely_unaltered,none_found,8915907,10291500
10291500,SP_Mag,1,likely_unaltered,none_found,8915907,10291500
10291500,SP_Tim,1,likely_unaltered,none_found,8915907,10291500
10291500,Wet_BFL_Dur,1,likely_unaltered,none_found,8915907,10291500
10291500,Wet_BFL_Mag_10,1,likely_unaltered,none_found,8915907,10291500
10291500,Wet_BFL_Mag_50,1,likely_unaltered,none_found,8915907,10291500
10291500,Peak_10,-1,likely_altered,high,8915907,10291500
10291500,Peak_2,-1,likely_altered,low,8915907,10291500
10291500,Peak_5,-1,likely_altered,high,8915907,10291500
10295500,DS_Dur_WS,1,likely_unaltered,none_found,10744456,10295500
10295500,DS_Tim,1,likely_unaltered,none_found,10744456,10295500
10295500,DS_Mag_50,1,likely_unaltered,none_found,10744456,10295500
10295500,DS_Mag_90,1,likely_unaltered,none_found,10744456,10295500
10295500,FA_Mag,1,likely_unaltered,none_found,10744456,10295500
10295500,FA_Tim,1,likely_unaltered,none_found,10744456,10295500
10295500,Wet_Tim,1,likely_unaltered,none_found,10744456,10295500
10295500,SP_Dur,1,likely_unaltered,none_found,10744456,10295500
10295500,SP_Mag,1,likely_unaltered,none_found,10744456,10295500
10295500,SP_Tim,1,likely_unaltered,none_found,10744456,10295500
10295500,Wet_BFL_Dur,1,likely_unaltered,none_found,10744456,10295500
10295500,Wet_BFL_Mag_10,1,likely_unaltered,none_found,10744456,10295500
10295500,Wet_BFL_Mag_50,1,likely_unaltered,none_found,10744456,10295500
10295500,Peak_10,-1,likely_altered,low,10744456,10295500
10295500,Peak_2,-1,likely_altered,low,10744456,10295500
10295500,Peak_5,-1,likely_altered,low,10744456,10295500
10308783,DS_Dur_WS,1,likely_unaltered,none_found,8922761,10308783
10308783,DS_Tim,1,likely_unaltered,none_found,8922761,10308783
10308783,DS_Mag_50,1,likely_unaltered,none_found,8922761,10308783
10308783,DS_Mag_90,-1,likely_altered,low,8922761,10308783
10308783,FA_Mag,NA,Not_enough_data,undeterminable,8922761,10308783
10308783,FA_Tim,NA,Not_enough_data,undeterminable,8922761,10308783
10308783,Wet_Tim,1,likely_unaltered,none_found,8922761,10308783
10308783,SP_Dur,1,likely_unaltered,none_found,8922761,10308783
10308783,SP_Mag,-1,likely_altered,low,8922761,10308783
10308783,SP_Tim,1,likely_unaltered,none_found,8922761,10308783
10308783,Wet_BFL_Dur,1,likely_unaltered,none_found,8922761,10308783
10308783,Wet_BFL_Mag_10,1,likely_unaltered,none_found,8922761,10308783
10308783,Wet_BFL_Mag_50,-1,likely_altered,low,8922761,10308783
10308783,Peak_10,-1,likely_altered,high,8922761,10308783
10308783,Peak_2,-1,likely_altered,high,8922761,10308783
10308783,Peak_5,-1,likely_altered,high,8922761,10308783
10310000,DS_Dur_WS,0,indeterminate,high,8924041,10310000
10310000,DS_Tim,1,likely_unaltered,none_found,8924041,10310000
10310000,DS_Mag_50,1,likely_unaltered,none_found,8924041,10310000
10310000,DS_Mag_90,1,likely_unaltered,none_found,8924041,10310000
10310000,FA_Mag,1,likely_unaltered,none_found,8924041,10310000
10310000,FA_Tim,1,likely_unaltered,none_found,8924041,10310000
10310000,Wet_Tim,0,indeterminate,late,8924041,10310000
10310000,SP_Dur,1,likely_unaltered,none_found,8924041,10310000
10310000,SP_Mag,1,likely_unaltered,none_found,8924041,10310000
10310000,SP_Tim,1,likely_unaltered,none_found,8924041,10310000
10310000,Wet_BFL_Dur,0,indeterminate,low,8924041,10310000
10310000,Wet_BFL_Mag_10,0,indeterminate,high,8924041,10310000
10310000,Wet_BFL_Mag_50,0,indeterminate,high,8924041,10310000
10310000,Peak_10,-1,likely_altered,low,8924041,10310000
10310000,Peak_2,-1,likely_altered,high,8924041,10310000
10310000,Peak_5,-1,likely_altered,low,8924041,10310000
10336580,DS_Dur_WS,1,likely_unaltered,none_found,8943705,10336580
10336580,DS_Tim,1,likely_unaltered,none_found,8943705,10336580
10336580,DS_Mag_50,1,likely_unaltered,none_found,8943705,10336580
10336580,DS_Mag_90,1,likely_unaltered,none_found,8943705,10336580
10336580,FA_Mag,1,likely_unaltered,none_found,8943705,10336580
10336580,FA_Tim,1,likely_unaltered,none_found,8943705,10336580
10336580,Wet_Tim,1,likely_unaltered,none_found,8943705,10336580
10336580,SP_Dur,1,likely_unaltered,none_found,8943705,10336580
10336580,SP_Mag,1,likely_unaltered,none_found,8943705,10336580
10336580,SP_Tim,1,likely_unaltered,none_found,8943705,10336580
10336580,Wet_BFL_Dur,1,likely_unaltered,none_found,8943705,10336580
10336580,Wet_BFL_Mag_10,1,likely_unaltered,none_found,8943705,10336580
10336580,Wet_BFL_Mag_50,1,likely_unaltered,none_found,8943705,10336580
10336580,Peak_10,-1,likely_altered,low,8943705,10336580
10336580,Peak_2,-1,likely_altered,low,8943705,10336580
10336580,Peak_5,-1,likely_altered,low,8943705,10336580
10336645,DS_Dur_WS,1,likely_unaltered,none_found,8941733,10336645
10336645,DS_Tim,1,likely_unaltered,none_found,8941733,10336645
10336645,DS_Mag_50,1,likely_unaltered,none_found,8941733,10336645
10336645,DS_Mag_90,1,likely_unaltered,none_found,8941733,10336645
10336645,FA_Mag,1,likely_unaltered,none_found,8941733,10336645
10336645,FA_Tim,1,likely_unaltered,none_found,8941733,10336645
10336645,Wet_Tim,1,likely_unaltered,none_found,8941733,10336645
10336645,SP_Dur,1,likely_unaltered,none_found,8941733,10336645
10336645,SP_Mag,1,likely_unaltered,none_found,8941733,10336645
10336645,SP_Tim,1,likely_unaltered,none_found,8941733,10336645
10336645,Wet_BFL_Dur,1,likely_unaltered,none_found,8941733,10336645
10336645,Wet_BFL_Mag_10,1,likely_unaltered,none_found,8941733,10336645
10336645,Wet_BFL_Mag_50,1,likely_unaltered,none_found,8941733,10336645
10336645,Peak_10,-1,likely_altered,high,8941733,10336645
10336645,Peak_2,1,likely_unaltered,none_found,8941733,10336645
10336645,Peak_5,-1,likely_altered,high,8941733,10336645
10336660,DS_Dur_WS,1,likely_unaltered,none_found,8941693,10336660
10336660,DS_Tim,1,likely_unaltered,none_found,8941693,10336660
10336660,DS_Mag_50,1,likely_unaltered,none_found,8941693,10336660
10336660,DS_Mag_90,1,likely_unaltered,none_found,8941693,10336660
10336660,FA_Mag,1,likely_unaltered,none_found,8941693,10336660
10336660,FA_Tim,1,likely_unaltered,none_found,8941693,10336660
10336660,Wet_Tim,0,indeterminate,early,8941693,10336660
10336660,SP_Dur,1,likely_unaltered,none_found,8941693,10336660
10336660,SP_Mag,1,likely_unaltered,none_found,8941693,10336660
10336660,SP_Tim,1,likely_unaltered,none_found,8941693,10336660
10336660,Wet_BFL_Dur,1,likely_unaltered,none_found,8941693,10336660
10336660,Wet_BFL_Mag_10,1,likely_unaltered,none_found,8941693,10336660
10336660,Wet_BFL_Mag_50,1,likely_unaltered,none_found,8941693,10336660
10336660,Peak_10,-1,likely_altered,low,8941693,10336660
10336660,Peak_2,-1,likely_altered,high,8941693,10336660
10336660,Peak_5,-1,likely_altered,high,8941693,10336660
10336676,DS_Dur_WS,1,likely_unaltered,none_found,8941685,10336676
10336676,DS_Tim,1,likely_unaltered,none_found,8941685,10336676
10336676,DS_Mag_50,0,indeterminate,low,8941685,10336676
10336676,DS_Mag_90,1,likely_unaltered,none_found,8941685,10336676
10336676,FA_Mag,0,indeterminate,low,8941685,10336676
10336676,FA_Tim,1,likely_unaltered,none_found,8941685,10336676
10336676,Wet_Tim,1,likely_unaltered,none_found,8941685,10336676
10336676,SP_Dur,1,likely_unaltered,none_found,8941685,10336676
10336676,SP_Mag,1,likely_unaltered,none_found,8941685,10336676
10336676,SP_Tim,1,likely_unaltered,none_found,8941685,10336676
10336676,Wet_BFL_Dur,1,likely_unaltered,none_found,8941685,10336676
10336676,Wet_BFL_Mag_10,1,likely_unaltered,none_found,8941685,10336676
10336676,Wet_BFL_Mag_50,1,likely_unaltered,none_found,8941685,10336676
10336676,Peak_10,-1,likely_altered,high,8941685,10336676
10336676,Peak_2,-1,likely_altered,high,8941685,10336676
10336676,Peak_5,-1,likely_altered,high,8941685,10336676
10336770,DS_Dur_WS,1,likely_unaltered,none_found,8944527,10336770
10336770,DS_Tim,1,likely_unaltered,none_found,8944527,10336770
10336770,DS_Mag_50,1,likely_unaltered,none_found,8944527,10336770
10336770,DS_Mag_90,1,likely_unaltered,none_found,8944527,10336770
10336770,FA_Mag,1,likely_unaltered,none_found,8944527,10336770
10336770,FA_Tim,1,likely_unaltered,none_found,8944527,10336770
10336770,Wet_Tim,-1,likely_altered,late,8944527,10336770
10336770,SP_Dur,1,likely_unaltered,none_found,8944527,10336770
10336770,SP_Mag,1,likely_unaltered,none_found,8944527,10336770
10336770,SP_Tim,1,likely_unaltered,none_found,8944527,10336770
10336770,Wet_BFL_Dur,-1,likely_altered,low,8944527,10336770
10336770,Wet_BFL_Mag_10,-1,likely_altered,high,8944527,10336770
10336770,Wet_BFL_Mag_50,1,likely_unaltered,none_found,8944527,10336770
10336770,Peak_10,-1,likely_altered,low,8944527,10336770
10336770,Peak_2,-1,likely_altered,low,8944527,10336770
10336770,Peak_5,-1,likely_altered,low,8944527,10336770
10336780,DS_Dur_WS,1,likely_unaltered,none_found,8944453,10336780
10336780,DS_Tim,1,likely_unaltered,none_found,8944453,10336780
10336780,DS_Mag_50,1,likely_unaltered,none_found,8944453,10336780
10336780,DS_Mag_90,1,likely_unaltered,none_found,8944453,10336780
10336780,FA_Mag,1,likely_unaltered,none_found,8944453,10336780
10336780,FA_Tim,1,likely_unaltered,none_found,8944453,10336780
10336780,Wet_Tim,1,likely_unaltered,none_found,8944453,10336780
10336780,SP_Dur,1,likely_unaltered,none_found,8944453,10336780
10336780,SP_Mag,1,likely_unaltered,none_found,8944453,10336780
10336780,SP_Tim,1,likely_unaltered,none_found,8944453,10336780
10336780,Wet_BFL_Dur,1,likely_unaltered,none_found,8944453,10336780
10336780,Wet_BFL_Mag_10,0,indeterminate,high,8944453,10336780
10336780,Wet_BFL_Mag_50,1,likely_unaltered,none_found,8944453,10336780
10336780,Peak_10,-1,likely_altered,high,8944453,10336780
10336780,Peak_2,-1,likely_altered,high,8944453,10336780
10336780,Peak_5,1,likely_unaltered,none_found,8944453,10336780
10343500,DS_Dur_WS,1,likely_unaltered,none_found,8933522,10343500
10343500,DS_Tim,1,likely_unaltered,none_found,8933522,10343500
10343500,DS_Mag_50,1,likely_unaltered,none_found,8933522,10343500
10343500,DS_Mag_90,1,likely_unaltered,none_found,8933522,10343500
10343500,FA_Mag,1,likely_unaltered,none_found,8933522,10343500
10343500,FA_Tim,1,likely_unaltered,none_found,8933522,10343500
10343500,Wet_Tim,0,indeterminate,early,8933522,10343500
10343500,SP_Dur,1,likely_unaltered,none_found,8933522,10343500
10343500,SP_Mag,1,likely_unaltered,none_found,8933522,10343500
10343500,SP_Tim,1,likely_unaltered,none_found,8933522,10343500
10343500,Wet_BFL_Dur,1,likely_unaltered,none_found,8933522,10343500
10343500,Wet_BFL_Mag_10,0,indeterminate,low,8933522,10343500
10343500,Wet_BFL_Mag_50,0,indeterminate,low,8933522,10343500
10343500,Peak_10,-1,likely_altered,low,8933522,10343500
10343500,Peak_2,-1,likely_altered,high,8933522,10343500
10343500,Peak_5,1,likely_unaltered,none_found,8933522,10343500
11046300,DS_Dur_WS,1,likely_unaltered,none_found,20351605,11046300
11046300,DS_Tim,1,likely_unaltered,none_found,20351605,11046300
11046300,DS_Mag_50,1,likely_unaltered,none_found,20351605,11046300
11046300,DS_Mag_90,1,likely_unaltered,none_found,20351605,11046300
11046300,FA_Dur,1,likely_unaltered,none_found,20351605,11046300
11046300,FA_Mag,1,likely_unaltered,none_found,20351605,11046300
11046300,FA_Tim,1,likely_unaltered,none_found,20351605,11046300
11046300,Wet_Tim,1,likely_unaltered,none_found,20351605,11046300
11046300,SP_ROC,1,likely_unaltered,none_found,20351605,11046300
11046300,SP_Dur,1,likely_unaltered,none_found,20351605,11046300
11046300,SP_Mag,1,likely_unaltered,none_found,20351605,11046300
11046300,SP_Tim,1,likely_unaltered,none_found,20351605,11046300
11046300,Wet_BFL_Dur,1,likely_unaltered,none_found,20351605,11046300
11046300,Wet_BFL_Mag_10,1,likely_unaltered,none_found,20351605,11046300
11046300,Wet_BFL_Mag_50,1,likely_unaltered,none_found,20351605,11046300
11046300,Peak_Dur_10,1,likely_unaltered,none_found,20351605,11046300
11046300,Peak_Dur_2,1,likely_unaltered,none_found,20351605,11046300
11046300,Peak_Dur_5,1,likely_unaltered,none_found,20351605,11046300
11046300,Peak_10,-1,likely_altered,high,20351605,11046300
11046300,Peak_2,1,likely_unaltered,none_found,20351605,11046300
11046300,Peak_5,-1,likely_altered,high,20351605,11046300
11046300,Peak_Fre_10,1,likely_unaltered,none_found,20351605,11046300
11046300,Peak_Fre_2,1,likely_unaltered,none_found,20351605,11046300
11046300,Peak_Fre_5,1,likely_unaltered,none_found,20351605,11046300
11048200,DS_Dur_WS,NA,Not_enough_data,undeterminable,20355400,11048200
11048200,DS_Tim,NA,Not_enough_data,undeterminable,20355400,11048200
11048200,DS_Mag_50,NA,Not_enough_data,undeterminable,20355400,11048200
11048200,DS_Mag_90,NA,Not_enough_data,undeterminable,20355400,11048200
11048200,FA_Mag,NA,Not_enough_data,undeterminable,20355400,11048200
11048200,FA_Tim,NA,Not_enough_data,undeterminable,20355400,11048200
11048200,Wet_Tim,NA,Not_enough_data,undeterminable,20355400,11048200
11048200,SP_Dur,NA,Not_enough_data,undeterminable,20355400,11048200
11048200,SP_Mag,NA,Not_enough_data,undeterminable,20355400,11048200
11048200,SP_Tim,NA,Not_enough_data,undeterminable,20355400,11048200
11048200,Wet_BFL_Dur,NA,Not_enough_data,undeterminable,20355400,11048200
11048200,Wet_BFL_Mag_10,NA,Not_enough_data,undeterminable,20355400,11048200
11048200,Wet_BFL_Mag_50,NA,Not_enough_data,undeterminable,20355400,11048200
11048200,Peak_10,NA,Not_enough_data,undeterminable,20355400,11048200
11048200,Peak_2,NA,Not_enough_data,undeterminable,20355400,11048200
11048200,Peak_5,NA,Not_enough_data,undeterminable,20355400,11048200
11048553,DS_Dur_WS,1,likely_unaltered,none_found,20355480,11048553
11048553,DS_Tim,1,likely_unaltered,none_found,20355480,11048553
11048553,DS_Mag_50,1,likely_unaltered,none_found,20355480,11048553
11048553,DS_Mag_90,1,likely_unaltered,none_found,20355480,11048553
11048553,FA_Dur,1,likely_unaltered,none_found,20355480,11048553
11048553,FA_Mag,1,likely_unaltered,none_found,20355480,11048553
11048553,FA_Tim,1,likely_unaltered,none_found,20355480,11048553
11048553,Wet_Tim,1,likely_unaltered,none_found,20355480,11048553
11048553,SP_ROC,1,likely_unaltered,none_found,20355480,11048553
11048553,SP_Dur,1,likely_unaltered,none_found,20355480,11048553
11048553,SP_Mag,1,likely_unaltered,none_found,20355480,11048553
11048553,SP_Tim,1,likely_unaltered,none_found,20355480,11048553
11048553,Wet_BFL_Dur,1,likely_unaltered,none_found,20355480,11048553
11048553,Wet_BFL_Mag_10,1,likely_unaltered,none_found,20355480,11048553
11048553,Wet_BFL_Mag_50,1,likely_unaltered,none_found,20355480,11048553
11048553,Peak_Dur_10,1,likely_unaltered,none_found,20355480,11048553
11048553,Peak_Dur_2,1,likely_unaltered,none_found,20355480,11048553
11048553,Peak_Dur_5,1,likely_unaltered,none_found,20355480,11048553
11048553,Peak_10,-1,likely_altered,low,20355480,11048553
11048553,Peak_2,-1,likely_altered,low,20355480,11048553
11048553,Peak_5,-1,likely_altered,low,20355480,11048553
11048553,Peak_Fre_10,1,likely_unaltered,none_found,20355480,11048553
11048553,Peak_Fre_2,1,likely_unaltered,none_found,20355480,11048553
11048553,Peak_Fre_5,1,likely_unaltered,none_found,20355480,11048553
11058600,DS_Dur_WS,1,likely_unaltered,none_found,22555344,11058600
11058600,DS_Tim,1,likely_unaltered,none_found,22555344,11058600
11058600,DS_Mag_50,1,likely_unaltered,none_found,22555344,11058600
11058600,DS_Mag_90,1,likely_unaltered,none_found,22555344,11058600
11058600,FA_Dur,1,likely_unaltered,none_found,22555344,11058600
11058600,FA_Mag,1,likely_unaltered,none_found,22555344,11058600
11058600,FA_Tim,1,likely_unaltered,none_found,22555344,11058600
11058600,Wet_Tim,1,likely_unaltered,none_found,22555344,11058600
11058600,SP_ROC,1,likely_unaltered,none_found,22555344,11058600
11058600,SP_Dur,1,likely_unaltered,none_found,22555344,11058600
11058600,SP_Mag,1,likely_unaltered,none_found,22555344,11058600
11058600,SP_Tim,1,likely_unaltered,none_found,22555344,11058600
11058600,Wet_BFL_Dur,1,likely_unaltered,none_found,22555344,11058600
11058600,Wet_BFL_Mag_10,1,likely_unaltered,none_found,22555344,11058600
11058600,Wet_BFL_Mag_50,0,indeterminate,high,22555344,11058600
11058600,Peak_Dur_10,1,likely_unaltered,none_found,22555344,11058600
11058600,Peak_Dur_2,1,likely_unaltered,none_found,22555344,11058600
11058600,Peak_Dur_5,1,likely_unaltered,none_found,22555344,11058600
11058600,Peak_10,-1,likely_altered,high,22555344,11058600
11058600,Peak_2,-1,likely_altered,high,22555344,11058600
11058600,Peak_5,-1,likely_altered,high,22555344,11058600
11058600,Peak_Fre_10,1,likely_unaltered,none_found,22555344,11058600
11058600,Peak_Fre_2,1,likely_unaltered,none_found,22555344,11058600
11058600,Peak_Fre_5,1,likely_unaltered,none_found,22555344,11058600
11098000,DS_Dur_WS,1,likely_unaltered,none_found,22514774,11098000
11098000,DS_Tim,1,likely_unaltered,none_found,22514774,11098000
11098000,DS_Mag_50,1,likely_unaltered,none_found,22514774,11098000
11098000,DS_Mag_90,1,likely_unaltered,none_found,22514774,11098000
11098000,FA_Dur,1,likely_unaltered,none_found,22514774,11098000
11098000,FA_Mag,1,likely_unaltered,none_found,22514774,11098000
11098000,FA_Tim,1,likely_unaltered,none_found,22514774,11098000
11098000,Wet_Tim,0,indeterminate,early,22514774,11098000
11098000,SP_ROC,1,likely_unaltered,none_found,22514774,11098000
11098000,SP_Dur,1,likely_unaltered,none_found,22514774,11098000
11098000,SP_Mag,1,likely_unaltered,none_found,22514774,11098000
11098000,SP_Tim,1,likely_unaltered,none_found,22514774,11098000
11098000,Wet_BFL_Dur,1,likely_unaltered,none_found,22514774,11098000
11098000,Wet_BFL_Mag_10,0,indeterminate,low,22514774,11098000
11098000,Wet_BFL_Mag_50,1,likely_unaltered,none_found,22514774,11098000
11098000,Peak_Dur_10,1,likely_unaltered,none_found,22514774,11098000
11098000,Peak_Dur_2,1,likely_unaltered,none_found,22514774,11098000
11098000,Peak_Dur_5,1,likely_unaltered,none_found,22514774,11098000
11098000,Peak_10,-1,likely_altered,high,22514774,11098000
11098000,Peak_2,-1,likely_altered,high,22514774,11098000
11098000,Peak_5,-1,likely_altered,low,22514774,11098000
11098000,Peak_Fre_10,1,likely_unaltered,none_found,22514774,11098000
11098000,Peak_Fre_2,1,likely_unaltered,none_found,22514774,11098000
11098000,Peak_Fre_5,1,likely_unaltered,none_found,22514774,11098000
11111500,DS_Dur_WS,1,likely_unaltered,none_found,17567911,11111500
11111500,DS_Tim,1,likely_unaltered,none_found,17567911,11111500
11111500,DS_Mag_50,1,likely_unaltered,none_found,17567911,11111500
11111500,DS_Mag_90,1,likely_unaltered,none_found,17567911,11111500
11111500,FA_Dur,1,likely_unaltered,none_found,17567911,11111500
11111500,FA_Mag,1,likely_unaltered,none_found,17567911,11111500
11111500,FA_Tim,1,likely_unaltered,none_found,17567911,11111500
11111500,Wet_Tim,1,likely_unaltered,none_found,17567911,11111500
11111500,SP_ROC,1,likely_unaltered,none_found,17567911,11111500
11111500,SP_Dur,1,likely_unaltered,none_found,17567911,11111500
11111500,SP_Mag,1,likely_unaltered,none_found,17567911,11111500
11111500,SP_Tim,1,likely_unaltered,none_found,17567911,11111500
11111500,Wet_BFL_Dur,1,likely_unaltered,none_found,17567911,11111500
11111500,Wet_BFL_Mag_10,1,likely_unaltered,none_found,17567911,11111500
11111500,Wet_BFL_Mag_50,0,indeterminate,low,17567911,11111500
11111500,Peak_Dur_10,1,likely_unaltered,none_found,17567911,11111500
11111500,Peak_Dur_2,1,likely_unaltered,none_found,17567911,11111500
11111500,Peak_Dur_5,1,likely_unaltered,none_found,17567911,11111500
11111500,Peak_10,-1,likely_altered,low,17567911,11111500
11111500,Peak_2,-1,likely_altered,low,17567911,11111500
11111500,Peak_5,-1,likely_altered,low,17567911,11111500
11111500,Peak_Fre_10,1,likely_unaltered,none_found,17567911,11111500
11111500,Peak_Fre_2,1,likely_unaltered,none_found,17567911,11111500
11111500,Peak_Fre_5,1,likely_unaltered,none_found,17567911,11111500
11114495,DS_Dur_WS,1,likely_unaltered,none_found,17585808,11114495
11114495,DS_Tim,0,indeterminate,early,17585808,11114495
11114495,DS_Mag_50,1,likely_unaltered,none_found,17585808,11114495
11114495,DS_Mag_90,1,likely_unaltered,none_found,17585808,11114495
11114495,FA_Dur,1,likely_unaltered,none_found,17585808,11114495
11114495,FA_Mag,1,likely_unaltered,none_found,17585808,11114495
11114495,FA_Tim,1,likely_unaltered,none_found,17585808,11114495
11114495,Wet_Tim,1,likely_unaltered,none_found,17585808,11114495
11114495,SP_ROC,1,likely_unaltered,none_found,17585808,11114495
11114495,SP_Dur,1,likely_unaltered,none_found,17585808,11114495
11114495,SP_Mag,1,likely_unaltered,none_found,17585808,11114495
11114495,SP_Tim,1,likely_unaltered,none_found,17585808,11114495
11114495,Wet_BFL_Dur,1,likely_unaltered,none_found,17585808,11114495
11114495,Wet_BFL_Mag_10,1,likely_unaltered,none_found,17585808,11114495
11114495,Wet_BFL_Mag_50,1,likely_unaltered,none_found,17585808,11114495
11114495,Peak_Dur_10,1,likely_unaltered,none_found,17585808,11114495
11114495,Peak_Dur_2,1,likely_unaltered,none_found,17585808,11114495
11114495,Peak_Dur_5,1,likely_unaltered,none_found,17585808,11114495
11114495,Peak_10,1,likely_unaltered,none_found,17585808,11114495
11114495,Peak_2,-1,likely_altered,low,17585808,11114495
11114495,Peak_5,-1,likely_altered,low,17585808,11114495
11114495,Peak_Fre_10,1,likely_unaltered,none_found,17585808,11114495
11114495,Peak_Fre_2,1,likely_unaltered,none_found,17585808,11114495
11114495,Peak_Fre_5,1,likely_unaltered,none_found,17585808,11114495
11138500,DS_Dur_WS,1,likely_unaltered,none_found,17625379,11138500
11138500,DS_Tim,1,likely_unaltered,none_found,17625379,11138500
11138500,DS_Mag_50,1,likely_unaltered,none_found,17625379,11138500
11138500,DS_Mag_90,1,likely_unaltered,none_found,17625379,11138500
11138500,FA_Dur,1,likely_unaltered,none_found,17625379,11138500
11138500,FA_Mag,0,indeterminate,low,17625379,11138500
11138500,FA_Tim,1,likely_unaltered,none_found,17625379,11138500
11138500,Wet_Tim,1,likely_unaltered,none_found,17625379,11138500
11138500,SP_ROC,1,likely_unaltered,none_found,17625379,11138500
11138500,SP_Dur,1,likely_unaltered,none_found,17625379,11138500
11138500,SP_Mag,1,likely_unaltered,none_found,17625379,11138500
11138500,SP_Tim,1,likely_unaltered,none_found,17625379,11138500
11138500,Wet_BFL_Dur,1,likely_unaltered,none_found,17625379,11138500
11138500,Wet_BFL_Mag_10,-1,likely_altered,low,17625379,11138500
11138500,Wet_BFL_Mag_50,1,likely_unaltered,none_found,17625379,11138500
11138500,Peak_Dur_10,1,likely_unaltered,none_found,17625379,11138500
11138500,Peak_Dur_2,1,likely_unaltered,none_found,17625379,11138500
11138500,Peak_Dur_5,1,likely_unaltered,none_found,17625379,11138500
11138500,Peak_10,-1,likely_altered,low,17625379,11138500
11138500,Peak_2,-1,likely_altered,low,17625379,11138500
11138500,Peak_5,-1,likely_altered,low,17625379,11138500
11138500,Peak_Fre_10,1,likely_unaltered,none_found,17625379,11138500
11138500,Peak_Fre_2,1,likely_unaltered,none_found,17625379,11138500
11138500,Peak_Fre_5,1,likely_unaltered,none_found,17625379,11138500
11141280,DS_Dur_WS,1,likely_unaltered,none_found,8193647,11141280
11141280,DS_Tim,1,likely_unaltered,none_found,8193647,11141280
11141280,DS_Mag_50,1,likely_unaltered,none_found,8193647,11141280
11141280,DS_Mag_90,1,likely_unaltered,none_found,8193647,11141280
11141280,FA_Dur,1,likely_unaltered,none_found,8193647,11141280
11141280,FA_Mag,1,likely_unaltered,none_found,8193647,11141280
11141280,FA_Tim,1,likely_unaltered,none_found,8193647,11141280
11141280,Wet_Tim,1,likely_unaltered,none_found,8193647,11141280
11141280,SP_ROC,1,likely_unaltered,none_found,8193647,11141280
11141280,SP_Dur,1,likely_unaltered,none_found,8193647,11141280
11141280,SP_Mag,1,likely_unaltered,none_found,8193647,11141280
11141280,SP_Tim,1,likely_unaltered,none_found,8193647,11141280
11141280,Wet_BFL_Dur,1,likely_unaltered,none_found,8193647,11141280
11141280,Wet_BFL_Mag_10,1,likely_unaltered,none_found,8193647,11141280
11141280,Wet_BFL_Mag_50,1,likely_unaltered,none_found,8193647,11141280
11141280,Peak_Dur_10,1,likely_unaltered,none_found,8193647,11141280
11141280,Peak_Dur_2,1,likely_unaltered,none_found,8193647,11141280
11141280,Peak_Dur_5,1,likely_unaltered,none_found,8193647,11141280
11141280,Peak_10,-1,likely_altered,low,8193647,11141280
11141280,Peak_2,1,likely_unaltered,none_found,8193647,11141280
11141280,Peak_5,-1,likely_altered,low,8193647,11141280
11141280,Peak_Fre_10,1,likely_unaltered,none_found,8193647,11141280
11141280,Peak_Fre_2,1,likely_unaltered,none_found,8193647,11141280
11141280,Peak_Fre_5,1,likely_unaltered,none_found,8193647,11141280
11143000,DS_Dur_WS,1,likely_unaltered,none_found,8189809,11143000
11143000,DS_Tim,1,likely_unaltered,none_found,8189809,11143000
11143000,DS_Mag_50,1,likely_unaltered,none_found,8189809,11143000
11143000,DS_Mag_90,1,likely_unaltered,none_found,8189809,11143000
11143000,FA_Dur,1,likely_unaltered,none_found,8189809,11143000
11143000,FA_Mag,1,likely_unaltered,none_found,8189809,11143000
11143000,FA_Tim,1,likely_unaltered,none_found,8189809,11143000
11143000,Wet_Tim,1,likely_unaltered,none_found,8189809,11143000
11143000,SP_ROC,-1,likely_altered,low,8189809,11143000
11143000,SP_Dur,1,likely_unaltered,none_found,8189809,11143000
11143000,SP_Mag,1,likely_unaltered,none_found,8189809,11143000
11143000,SP_Tim,1,likely_unaltered,none_found,8189809,11143000
11143000,Wet_BFL_Dur,1,likely_unaltered,none_found,8189809,11143000
11143000,Wet_BFL_Mag_10,1,likely_unaltered,none_found,8189809,11143000
11143000,Wet_BFL_Mag_50,1,likely_unaltered,none_found,8189809,11143000
11143000,Peak_Dur_10,1,likely_unaltered,none_found,8189809,11143000
11143000,Peak_Dur_2,1,likely_unaltered,none_found,8189809,11143000
11143000,Peak_Dur_5,1,likely_unaltered,none_found,8189809,11143000
11143000,Peak_10,-1,likely_altered,low,8189809,11143000
11143000,Peak_2,1,likely_unaltered,none_found,8189809,11143000
11143000,Peak_5,-1,likely_altered,low,8189809,11143000
11143000,Peak_Fre_10,1,likely_unaltered,none_found,8189809,11143000
11143000,Peak_Fre_2,1,likely_unaltered,none_found,8189809,11143000
11143000,Peak_Fre_5,1,likely_unaltered,none_found,8189809,11143000
11151300,DS_Dur_WS,1,likely_unaltered,none_found,8205487,11151300
11151300,DS_Tim,1,likely_unaltered,none_found,8205487,11151300
11151300,DS_Mag_50,1,likely_unaltered,none_found,8205487,11151300
11151300,DS_Mag_90,1,likely_unaltered,none_found,8205487,11151300
11151300,FA_Dur,1,likely_unaltered,none_found,8205487,11151300
11151300,FA_Mag,1,likely_unaltered,none_found,8205487,11151300
11151300,FA_Tim,1,likely_unaltered,none_found,8205487,11151300
11151300,Wet_Tim,1,likely_unaltered,none_found,8205487,11151300
11151300,SP_ROC,1,likely_unaltered,none_found,8205487,11151300
11151300,SP_Dur,1,likely_unaltered,none_found,8205487,11151300
11151300,SP_Mag,1,likely_unaltered,none_found,8205487,11151300
11151300,SP_Tim,1,likely_unaltered,none_found,8205487,11151300
11151300,Wet_BFL_Dur,1,likely_unaltered,none_found,8205487,11151300
11151300,Wet_BFL_Mag_10,1,likely_unaltered,none_found,8205487,11151300
11151300,Wet_BFL_Mag_50,1,likely_unaltered,none_found,8205487,11151300
11151300,Peak_Dur_10,1,likely_unaltered,none_found,8205487,11151300
11151300,Peak_Dur_2,1,likely_unaltered,none_found,8205487,11151300
11151300,Peak_Dur_5,1,likely_unaltered,none_found,8205487,11151300
11151300,Peak_10,-1,likely_altered,low,8205487,11151300
11151300,Peak_2,-1,likely_altered,high,8205487,11151300
11151300,Peak_5,1,likely_unaltered,none_found,8205487,11151300
11151300,Peak_Fre_10,1,likely_unaltered,none_found,8205487,11151300
11151300,Peak_Fre_2,1,likely_unaltered,none_found,8205487,11151300
11151300,Peak_Fre_5,1,likely_unaltered,none_found,8205487,11151300
11151870,DS_Dur_WS,1,likely_unaltered,none_found,8203373,11151870
11151870,DS_Tim,1,likely_unaltered,none_found,8203373,11151870
11151870,DS_Mag_50,1,likely_unaltered,none_found,8203373,11151870
11151870,DS_Mag_90,1,likely_unaltered,none_found,8203373,11151870
11151870,FA_Dur,1,likely_unaltered,none_found,8203373,11151870
11151870,FA_Mag,1,likely_unaltered,none_found,8203373,11151870
11151870,FA_Tim,1,likely_unaltered,none_found,8203373,11151870
11151870,Wet_Tim,1,likely_unaltered,none_found,8203373,11151870
11151870,SP_ROC,1,likely_unaltered,none_found,8203373,11151870
11151870,SP_Dur,1,likely_unaltered,none_found,8203373,11151870
11151870,SP_Mag,1,likely_unaltered,none_found,8203373,11151870
11151870,SP_Tim,1,likely_unaltered,none_found,8203373,11151870
11151870,Wet_BFL_Dur,1,likely_unaltered,none_found,8203373,11151870
11151870,Wet_BFL_Mag_10,1,likely_unaltered,none_found,8203373,11151870
11151870,Wet_BFL_Mag_50,0,indeterminate,high,8203373,11151870
11151870,Peak_Dur_10,1,likely_unaltered,none_found,8203373,11151870
11151870,Peak_Dur_2,1,likely_unaltered,none_found,8203373,11151870
11151870,Peak_Dur_5,1,likely_unaltered,none_found,8203373,11151870
11151870,Peak_10,-1,likely_altered,high,8203373,11151870
11151870,Peak_2,-1,likely_altered,high,8203373,11151870
11151870,Peak_5,-1,likely_altered,high,8203373,11151870
11151870,Peak_Fre_10,1,likely_unaltered,none_found,8203373,11151870
11151870,Peak_Fre_2,1,likely_unaltered,none_found,8203373,11151870
11151870,Peak_Fre_5,1,likely_unaltered,none_found,8203373,11151870
11153470,DS_Dur_WS,1,likely_unaltered,none_found,17662343,11153470
11153470,DS_Tim,1,likely_unaltered,none_found,17662343,11153470
11153470,DS_Mag_50,1,likely_unaltered,none_found,17662343,11153470
11153470,DS_Mag_90,1,likely_unaltered,none_found,17662343,11153470
11153470,FA_Dur,1,likely_unaltered,none_found,17662343,11153470
11153470,FA_Mag,1,likely_unaltered,none_found,17662343,11153470
11153470,FA_Tim,1,likely_unaltered,none_found,17662343,11153470
11153470,Wet_Tim,1,likely_unaltered,none_found,17662343,11153470
11153470,SP_ROC,1,likely_unaltered,none_found,17662343,11153470
11153470,SP_Dur,1,likely_unaltered,none_found,17662343,11153470
11153470,SP_Mag,1,likely_unaltered,none_found,17662343,11153470
11153470,SP_Tim,1,likely_unaltered,none_found,17662343,11153470
11153470,Wet_BFL_Dur,1,likely_unaltered,none_found,17662343,11153470
11153470,Wet_BFL_Mag_10,0,indeterminate,low,17662343,11153470
11153470,Wet_BFL_Mag_50,1,likely_unaltered,none_found,17662343,11153470
11153470,Peak_Dur_10,1,likely_unaltered,none_found,17662343,11153470
11153470,Peak_Dur_2,1,likely_unaltered,none_found,17662343,11153470
11153470,Peak_Dur_5,1,likely_unaltered,none_found,17662343,11153470
11153470,Peak_10,-1,likely_altered,high,17662343,11153470
11153470,Peak_2,1,likely_unaltered,none_found,17662343,11153470
11153470,Peak_5,-1,likely_altered,low,17662343,11153470
11153470,Peak_Fre_10,1,likely_unaltered,none_found,17662343,11153470
11153470,Peak_Fre_2,1,likely_unaltered,none_found,17662343,11153470
11153470,Peak_Fre_5,1,likely_unaltered,none_found,17662343,11153470
11154700,DS_Dur_WS,1,likely_unaltered,none_found,17673639,11154700
11154700,DS_Tim,1,likely_unaltered,none_found,17673639,11154700
11154700,DS_Mag_50,1,likely_unaltered,none_found,17673639,11154700
11154700,DS_Mag_90,1,likely_unaltered,none_found,17673639,11154700
11154700,FA_Dur,1,likely_unaltered,none_found,17673639,11154700
11154700,FA_Mag,1,likely_unaltered,none_found,17673639,11154700
11154700,FA_Tim,1,likely_unaltered,none_found,17673639,11154700
11154700,Wet_Tim,1,likely_unaltered,none_found,17673639,11154700
11154700,SP_ROC,1,likely_unaltered,none_found,17673639,11154700
11154700,SP_Dur,1,likely_unaltered,none_found,17673639,11154700
11154700,SP_Mag,1,likely_unaltered,none_found,17673639,11154700
11154700,SP_Tim,1,likely_unaltered,none_found,17673639,11154700
11154700,Wet_BFL_Dur,1,likely_unaltered,none_found,17673639,11154700
11154700,Wet_BFL_Mag_10,1,likely_unaltered,none_found,17673639,11154700
11154700,Wet_BFL_Mag_50,1,likely_unaltered,none_found,17673639,11154700
11154700,Peak_Dur_10,1,likely_unaltered,none_found,17673639,11154700
11154700,Peak_Dur_2,1,likely_unaltered,none_found,17673639,11154700
11154700,Peak_Dur_5,1,likely_unaltered,none_found,17673639,11154700
11154700,Peak_10,-1,likely_altered,high,17673639,11154700
11154700,Peak_2,1,likely_unaltered,none_found,17673639,11154700
11154700,Peak_5,-1,likely_altered,low,17673639,11154700
11154700,Peak_Fre_10,1,likely_unaltered,none_found,17673639,11154700
11154700,Peak_Fre_2,1,likely_unaltered,none_found,17673639,11154700
11154700,Peak_Fre_5,1,likely_unaltered,none_found,17673639,11154700
11160000,DS_Dur_WS,1,likely_unaltered,none_found,17684378,11160000
11160000,DS_Tim,1,likely_unaltered,none_found,17684378,11160000
11160000,DS_Mag_50,1,likely_unaltered,none_found,17684378,11160000
11160000,DS_Mag_90,1,likely_unaltered,none_found,17684378,11160000
11160000,FA_Dur,1,likely_unaltered,none_found,17684378,11160000
11160000,FA_Mag,1,likely_unaltered,none_found,17684378,11160000
11160000,FA_Tim,1,likely_unaltered,none_found,17684378,11160000
11160000,Wet_Tim,0,indeterminate,early,17684378,11160000
11160000,SP_ROC,1,likely_unaltered,none_found,17684378,11160000
11160000,SP_Dur,1,likely_unaltered,none_found,17684378,11160000
11160000,SP_Mag,1,likely_unaltered,none_found,17684378,11160000
11160000,SP_Tim,1,likely_unaltered,none_found,17684378,11160000
11160000,Wet_BFL_Dur,1,likely_unaltered,none_found,17684378,11160000
11160000,Wet_BFL_Mag_10,0,indeterminate,low,17684378,11160000
11160000,Wet_BFL_Mag_50,1,likely_unaltered,none_found,17684378,11160000
11160000,Peak_Dur_10,1,likely_unaltered,none_found,17684378,11160000
11160000,Peak_Dur_2,1,likely_unaltered,none_found,17684378,11160000
11160000,Peak_Dur_5,1,likely_unaltered,none_found,17684378,11160000
11160000,Peak_10,-1,likely_altered,low,17684378,11160000
11160000,Peak_2,1,likely_unaltered,none_found,17684378,11160000
11160000,Peak_5,-1,likely_altered,low,17684378,11160000
11160000,Peak_Fre_10,1,likely_unaltered,none_found,17684378,11160000
11160000,Peak_Fre_2,1,likely_unaltered,none_found,17684378,11160000
11160000,Peak_Fre_5,1,likely_unaltered,none_found,17684378,11160000
11160500,DS_Dur_WS,1,likely_unaltered,none_found,17682474,11160500
11160500,DS_Tim,1,likely_unaltered,none_found,17682474,11160500
11160500,DS_Mag_50,1,likely_unaltered,none_found,17682474,11160500
11160500,DS_Mag_90,0,indeterminate,high,17682474,11160500
11160500,FA_Dur,1,likely_unaltered,none_found,17682474,11160500
11160500,FA_Mag,1,likely_unaltered,none_found,17682474,11160500
11160500,FA_Tim,1,likely_unaltered,none_found,17682474,11160500
11160500,Wet_Tim,0,indeterminate,late,17682474,11160500
11160500,SP_ROC,1,likely_unaltered,none_found,17682474,11160500
11160500,SP_Dur,1,likely_unaltered,none_found,17682474,11160500
11160500,SP_Mag,1,likely_unaltered,none_found,17682474,11160500
11160500,SP_Tim,1,likely_unaltered,none_found,17682474,11160500
11160500,Wet_BFL_Dur,0,indeterminate,low,17682474,11160500
11160500,Wet_BFL_Mag_10,1,likely_unaltered,none_found,17682474,11160500
11160500,Wet_BFL_Mag_50,1,likely_unaltered,none_found,17682474,11160500
11160500,Peak_Dur_10,1,likely_unaltered,none_found,17682474,11160500
11160500,Peak_Dur_2,1,likely_unaltered,none_found,17682474,11160500
11160500,Peak_Dur_5,1,likely_unaltered,none_found,17682474,11160500
11160500,Peak_10,-1,likely_altered,high,17682474,11160500
11160500,Peak_2,-1,likely_altered,low,17682474,11160500
11160500,Peak_5,-1,likely_altered,high,17682474,11160500
11160500,Peak_Fre_10,1,likely_unaltered,none_found,17682474,11160500
11160500,Peak_Fre_2,1,likely_unaltered,none_found,17682474,11160500
11160500,Peak_Fre_5,1,likely_unaltered,none_found,17682474,11160500
11162500,DS_Dur_WS,1,likely_unaltered,none_found,17688105,11162500
11162500,DS_Tim,1,likely_unaltered,none_found,17688105,11162500
11162500,DS_Mag_50,1,likely_unaltered,none_found,17688105,11162500
11162500,DS_Mag_90,1,likely_unaltered,none_found,17688105,11162500
11162500,FA_Dur,1,likely_unaltered,none_found,17688105,11162500
11162500,FA_Mag,1,likely_unaltered,none_found,17688105,11162500
11162500,FA_Tim,1,likely_unaltered,none_found,17688105,11162500
11162500,Wet_Tim,0,indeterminate,early,17688105,11162500
11162500,SP_ROC,1,likely_unaltered,none_found,17688105,11162500
11162500,SP_Dur,1,likely_unaltered,none_found,17688105,11162500
11162500,SP_Mag,1,likely_unaltered,none_found,17688105,11162500
11162500,SP_Tim,1,likely_unaltered,none_found,17688105,11162500
11162500,Wet_BFL_Dur,1,likely_unaltered,none_found,17688105,11162500
11162500,Wet_BFL_Mag_10,0,indeterminate,low,17688105,11162500
11162500,Wet_BFL_Mag_50,1,likely_unaltered,none_found,17688105,11162500
11162500,Peak_Dur_10,1,likely_unaltered,none_found,17688105,11162500
11162500,Peak_Dur_2,1,likely_unaltered,none_found,17688105,11162500
11162500,Peak_Dur_5,1,likely_unaltered,none_found,17688105,11162500
11162500,Peak_10,-1,likely_altered,low,17688105,11162500
11162500,Peak_2,-1,likely_altered,low,17688105,11162500
11162500,Peak_5,-1,likely_altered,high,17688105,11162500
11162500,Peak_Fre_10,1,likely_unaltered,none_found,17688105,11162500
11162500,Peak_Fre_2,1,likely_unaltered,none_found,17688105,11162500
11162500,Peak_Fre_5,1,likely_unaltered,none_found,17688105,11162500
11162570,DS_Dur_WS,1,likely_unaltered,none_found,17687965,11162570
11162570,DS_Tim,1,likely_unaltered,none_found,17687965,11162570
11162570,DS_Mag_50,0,indeterminate,low,17687965,11162570
11162570,DS_Mag_90,1,likely_unaltered,none_found,17687965,11162570
11162570,FA_Dur,1,likely_unaltered,none_found,17687965,11162570
11162570,FA_Mag,1,likely_unaltered,none_found,17687965,11162570
11162570,FA_Tim,1,likely_unaltered,none_found,17687965,11162570
11162570,Wet_Tim,0,indeterminate,early,17687965,11162570
11162570,SP_ROC,1,likely_unaltered,none_found,17687965,11162570
11162570,SP_Dur,1,likely_unaltered,none_found,17687965,11162570
11162570,SP_Mag,1,likely_unaltered,none_found,17687965,11162570
11162570,SP_Tim,1,likely_unaltered,none_found,17687965,11162570
11162570,Wet_BFL_Dur,1,likely_unaltered,none_found,17687965,11162570
11162570,Wet_BFL_Mag_10,0,indeterminate,low,17687965,11162570
11162570,Wet_BFL_Mag_50,0,indeterminate,low,17687965,11162570
11162570,Peak_Dur_10,1,likely_unaltered,none_found,17687965,11162570
11162570,Peak_Dur_2,1,likely_unaltered,none_found,17687965,11162570
11162570,Peak_Dur_5,1,likely_unaltered,none_found,17687965,11162570
11162570,Peak_10,-1,likely_altered,low,17687965,11162570
11162570,Peak_2,-1,likely_altered,low,17687965,11162570
11162570,Peak_5,1,likely_unaltered,none_found,17687965,11162570
11162570,Peak_Fre_10,1,likely_unaltered,none_found,17687965,11162570
11162570,Peak_Fre_2,1,likely_unaltered,none_found,17687965,11162570
11162570,Peak_Fre_5,1,likely_unaltered,none_found,17687965,11162570
11172945,DS_Dur_WS,1,likely_unaltered,none_found,2809681,11172945
11172945,DS_Tim,1,likely_unaltered,none_found,2809681,11172945
11172945,DS_Mag_50,1,likely_unaltered,none_found,2809681,11172945
11172945,DS_Mag_90,1,likely_unaltered,none_found,2809681,11172945
11172945,FA_Dur,1,likely_unaltered,none_found,2809681,11172945
11172945,FA_Mag,1,likely_unaltered,none_found,2809681,11172945
11172945,FA_Tim,1,likely_unaltered,none_found,2809681,11172945
11172945,Wet_Tim,1,likely_unaltered,none_found,2809681,11172945
11172945,SP_ROC,1,likely_unaltered,none_found,2809681,11172945
11172945,SP_Dur,1,likely_unaltered,none_found,2809681,11172945
11172945,SP_Mag,1,likely_unaltered,none_found,2809681,11172945
11172945,SP_Tim,1,likely_unaltered,none_found,2809681,11172945
11172945,Wet_BFL_Dur,1,likely_unaltered,none_found,2809681,11172945
11172945,Wet_BFL_Mag_10,1,likely_unaltered,none_found,2809681,11172945
11172945,Wet_BFL_Mag_50,1,likely_unaltered,none_found,2809681,11172945
11172945,Peak_Dur_10,1,likely_unaltered,none_found,2809681,11172945
11172945,Peak_Dur_2,1,likely_unaltered,none_found,2809681,11172945
11172945,Peak_Dur_5,1,likely_unaltered,none_found,2809681,11172945
11172945,Peak_10,-1,likely_altered,high,2809681,11172945
11172945,Peak_2,-1,likely_altered,high,2809681,11172945
11172945,Peak_5,-1,likely_altered,high,2809681,11172945
11172945,Peak_Fre_10,1,likely_unaltered,none_found,2809681,11172945
11172945,Peak_Fre_2,1,likely_unaltered,none_found,2809681,11172945
11172945,Peak_Fre_5,1,likely_unaltered,none_found,2809681,11172945
11173200,DS_Dur_WS,1,likely_unaltered,none_found,2809859,11173200
11173200,DS_Tim,1,likely_unaltered,none_found,2809859,11173200
11173200,DS_Mag_50,1,likely_unaltered,none_found,2809859,11173200
11173200,DS_Mag_90,1,likely_unaltered,none_found,2809859,11173200
11173200,FA_Dur,1,likely_unaltered,none_found,2809859,11173200
11173200,FA_Mag,1,likely_unaltered,none_found,2809859,11173200
11173200,FA_Tim,1,likely_unaltered,none_found,2809859,11173200
11173200,Wet_Tim,1,likely_unaltered,none_found,2809859,11173200
11173200,SP_ROC,1,likely_unaltered,none_found,2809859,11173200
11173200,SP_Dur,1,likely_unaltered,none_found,2809859,11173200
11173200,SP_Mag,1,likely_unaltered,none_found,2809859,11173200
11173200,SP_Tim,1,likely_unaltered,none_found,2809859,11173200
11173200,Wet_BFL_Dur,1,likely_unaltered,none_found,2809859,11173200
11173200,Wet_BFL_Mag_10,1,likely_unaltered,none_found,2809859,11173200
11173200,Wet_BFL_Mag_50,1,likely_unaltered,none_found,2809859,11173200
11173200,Peak_Dur_10,1,likely_unaltered,none_found,2809859,11173200
11173200,Peak_Dur_2,1,likely_unaltered,none_found,2809859,11173200
11173200,Peak_Dur_5,1,likely_unaltered,none_found,2809859,11173200
11173200,Peak_10,-1,likely_altered,high,2809859,11173200
11173200,Peak_2,-1,likely_altered,high,2809859,11173200
11173200,Peak_5,1,likely_unaltered,none_found,2809859,11173200
11173200,Peak_Fre_10,1,likely_unaltered,none_found,2809859,11173200
11173200,Peak_Fre_2,1,likely_unaltered,none_found,2809859,11173200
11173200,Peak_Fre_5,1,likely_unaltered,none_found,2809859,11173200
11180500,DS_Dur_WS,1,likely_unaltered,none_found,2804369,11180500
11180500,DS_Tim,1,likely_unaltered,none_found,2804369,11180500
11180500,DS_Mag_50,1,likely_unaltered,none_found,2804369,11180500
11180500,DS_Mag_90,1,likely_unaltered,none_found,2804369,11180500
11180500,FA_Dur,1,likely_unaltered,none_found,2804369,11180500
11180500,FA_Mag,1,likely_unaltered,none_found,2804369,11180500
11180500,FA_Tim,1,likely_unaltered,none_found,2804369,11180500
11180500,Wet_Tim,1,likely_unaltered,none_found,2804369,11180500
11180500,SP_ROC,1,likely_unaltered,none_found,2804369,11180500
11180500,SP_Dur,1,likely_unaltered,none_found,2804369,11180500
11180500,SP_Mag,1,likely_unaltered,none_found,2804369,11180500
11180500,SP_Tim,1,likely_unaltered,none_found,2804369,11180500
11180500,Wet_BFL_Dur,1,likely_unaltered,none_found,2804369,11180500
11180500,Wet_BFL_Mag_10,-1,likely_altered,low,2804369,11180500
11180500,Wet_BFL_Mag_50,0,indeterminate,high,2804369,11180500
11180500,Peak_Dur_10,1,likely_unaltered,none_found,2804369,11180500
11180500,Peak_Dur_2,1,likely_unaltered,none_found,2804369,11180500
11180500,Peak_Dur_5,1,likely_unaltered,none_found,2804369,11180500
11180500,Peak_10,-1,likely_altered,low,2804369,11180500
11180500,Peak_2,-1,likely_altered,low,2804369,11180500
11180500,Peak_5,-1,likely_altered,low,2804369,11180500
11180500,Peak_Fre_10,1,likely_unaltered,none_found,2804369,11180500
11180500,Peak_Fre_2,1,likely_unaltered,none_found,2804369,11180500
11180500,Peak_Fre_5,1,likely_unaltered,none_found,2804369,11180500
11180825,DS_Dur_WS,1,likely_unaltered,none_found,2803945,11180825
11180825,DS_Tim,1,likely_unaltered,none_found,2803945,11180825
11180825,DS_Mag_50,1,likely_unaltered,none_found,2803945,11180825
11180825,DS_Mag_90,1,likely_unaltered,none_found,2803945,11180825
11180825,FA_Dur,1,likely_unaltered,none_found,2803945,11180825
11180825,FA_Mag,1,likely_unaltered,none_found,2803945,11180825
11180825,FA_Tim,1,likely_unaltered,none_found,2803945,11180825
11180825,Wet_Tim,1,likely_unaltered,none_found,2803945,11180825
11180825,SP_ROC,1,likely_unaltered,none_found,2803945,11180825
11180825,SP_Dur,1,likely_unaltered,none_found,2803945,11180825
11180825,SP_Mag,1,likely_unaltered,none_found,2803945,11180825
11180825,SP_Tim,1,likely_unaltered,none_found,2803945,11180825
11180825,Wet_BFL_Dur,1,likely_unaltered,none_found,2803945,11180825
11180825,Wet_BFL_Mag_10,1,likely_unaltered,none_found,2803945,11180825
11180825,Wet_BFL_Mag_50,1,likely_unaltered,none_found,2803945,11180825
11180825,Peak_Dur_10,1,likely_unaltered,none_found,2803945,11180825
11180825,Peak_Dur_2,1,likely_unaltered,none_found,2803945,11180825
11180825,Peak_Dur_5,1,likely_unaltered,none_found,2803945,11180825
11180825,Peak_10,-1,likely_altered,low,2803945,11180825
11180825,Peak_2,-1,likely_altered,high,2803945,11180825
11180825,Peak_5,-1,likely_altered,low,2803945,11180825
11180825,Peak_Fre_10,1,likely_unaltered,none_found,2803945,11180825
11180825,Peak_Fre_2,1,likely_unaltered,none_found,2803945,11180825
11180825,Peak_Fre_5,1,likely_unaltered,none_found,2803945,11180825
11182500,DS_Dur_WS,1,likely_unaltered,none_found,2790443,11182500
11182500,DS_Tim,1,likely_unaltered,none_found,2790443,11182500
11182500,DS_Mag_50,1,likely_unaltered,none_found,2790443,11182500
11182500,DS_Mag_90,1,likely_unaltered,none_found,2790443,11182500
11182500,FA_Dur,1,likely_unaltered,none_found,2790443,11182500
11182500,FA_Mag,1,likely_unaltered,none_found,2790443,11182500
11182500,FA_Tim,1,likely_unaltered,none_found,2790443,11182500
11182500,Wet_Tim,1,likely_unaltered,none_found,2790443,11182500
11182500,SP_ROC,1,likely_unaltered,none_found,2790443,11182500
11182500,SP_Dur,1,likely_unaltered,none_found,2790443,11182500
11182500,SP_Mag,1,likely_unaltered,none_found,2790443,11182500
11182500,SP_Tim,1,likely_unaltered,none_found,2790443,11182500
11182500,Wet_BFL_Dur,1,likely_unaltered,none_found,2790443,11182500
11182500,Wet_BFL_Mag_10,0,indeterminate,low,2790443,11182500
11182500,Wet_BFL_Mag_50,1,likely_unaltered,none_found,2790443,11182500
11182500,Peak_Dur_10,1,likely_unaltered,none_found,2790443,11182500
11182500,Peak_Dur_2,1,likely_unaltered,none_found,2790443,11182500
11182500,Peak_Dur_5,1,likely_unaltered,none_found,2790443,11182500
11182500,Peak_10,-1,likely_altered,low,2790443,11182500
11182500,Peak_2,-1,likely_altered,low,2790443,11182500
11182500,Peak_5,-1,likely_altered,low,2790443,11182500
11182500,Peak_Fre_10,1,likely_unaltered,none_found,2790443,11182500
11182500,Peak_Fre_2,1,likely_unaltered,none_found,2790443,11182500
11182500,Peak_Fre_5,1,likely_unaltered,none_found,2790443,11182500
11237500,DS_Dur_WS,1,likely_unaltered,none_found,17116209,11237500
11237500,DS_Tim,1,likely_unaltered,none_found,17116209,11237500
11237500,DS_Mag_50,1,likely_unaltered,none_found,17116209,11237500
11237500,DS_Mag_90,1,likely_unaltered,none_found,17116209,11237500
11237500,FA_Dur,1,likely_unaltered,none_found,17116209,11237500
11237500,FA_Mag,1,likely_unaltered,none_found,17116209,11237500
11237500,FA_Tim,1,likely_unaltered,none_found,17116209,11237500
11237500,Wet_Tim,0,indeterminate,late,17116209,11237500
11237500,SP_ROC,1,likely_unaltered,none_found,17116209,11237500
11237500,SP_Dur,1,likely_unaltered,none_found,17116209,11237500
11237500,SP_Mag,1,likely_unaltered,none_found,17116209,11237500
11237500,SP_Tim,1,likely_unaltered,none_found,17116209,11237500
11237500,Wet_BFL_Dur,0,indeterminate,low,17116209,11237500
11237500,Wet_BFL_Mag_10,0,indeterminate,high,17116209,11237500
11237500,Wet_BFL_Mag_50,0,indeterminate,high,17116209,11237500
11237500,Peak_Dur_10,1,likely_unaltered,none_found,17116209,11237500
11237500,Peak_Dur_2,1,likely_unaltered,none_found,17116209,11237500
11237500,Peak_Dur_5,1,likely_unaltered,none_found,17116209,11237500
11237500,Peak_10,-1,likely_altered,low,17116209,11237500
11237500,Peak_2,-1,likely_altered,low,17116209,11237500
11237500,Peak_5,-1,likely_altered,low,17116209,11237500
11237500,Peak_Fre_10,1,likely_unaltered,none_found,17116209,11237500
11237500,Peak_Fre_2,1,likely_unaltered,none_found,17116209,11237500
11237500,Peak_Fre_5,1,likely_unaltered,none_found,17116209,11237500
11274500,DS_Dur_WS,1,likely_unaltered,none_found,2828012,11274500
11274500,DS_Tim,1,likely_unaltered,none_found,2828012,11274500
11274500,DS_Mag_50,1,likely_unaltered,none_found,2828012,11274500
11274500,DS_Mag_90,1,likely_unaltered,none_found,2828012,11274500
11274500,FA_Dur,1,likely_unaltered,none_found,2828012,11274500
11274500,FA_Mag,-1,likely_altered,high,2828012,11274500
11274500,FA_Tim,1,likely_unaltered,none_found,2828012,11274500
11274500,Wet_Tim,1,likely_unaltered,none_found,2828012,11274500
11274500,SP_ROC,1,likely_unaltered,none_found,2828012,11274500
11274500,SP_Dur,1,likely_unaltered,none_found,2828012,11274500
11274500,SP_Mag,1,likely_unaltered,none_found,2828012,11274500
11274500,SP_Tim,1,likely_unaltered,none_found,2828012,11274500
11274500,Wet_BFL_Dur,1,likely_unaltered,none_found,2828012,11274500
11274500,Wet_BFL_Mag_10,1,likely_unaltered,none_found,2828012,11274500
11274500,Wet_BFL_Mag_50,0,indeterminate,high,2828012,11274500
11274500,Peak_Dur_10,1,likely_unaltered,none_found,2828012,11274500
11274500,Peak_Dur_2,1,likely_unaltered,none_found,2828012,11274500
11274500,Peak_Dur_5,1,likely_unaltered,none_found,2828012,11274500
11274500,Peak_10,1,likely_unaltered,none_found,2828012,11274500
11274500,Peak_2,-1,likely_altered,high,2828012,11274500
11274500,Peak_5,1,likely_unaltered,none_found,2828012,11274500
11274500,Peak_Fre_10,1,likely_unaltered,none_found,2828012,11274500
11274500,Peak_Fre_2,1,likely_unaltered,none_found,2828012,11274500
11274500,Peak_Fre_5,1,likely_unaltered,none_found,2828012,11274500
11281000,DS_Dur_WS,1,likely_unaltered,none_found,17078519,11281000
11281000,DS_Tim,1,likely_unaltered,none_found,17078519,11281000
11281000,DS_Mag_50,1,likely_unaltered,none_found,17078519,11281000
11281000,DS_Mag_90,1,likely_unaltered,none_found,17078519,11281000
11281000,FA_Dur,1,likely_unaltered,none_found,17078519,11281000
11281000,FA_Mag,1,likely_unaltered,none_found,17078519,11281000
11281000,FA_Tim,1,likely_unaltered,none_found,17078519,11281000
11281000,Wet_Tim,0,indeterminate,late,17078519,11281000
11281000,SP_ROC,1,likely_unaltered,none_found,17078519,11281000
11281000,SP_Dur,1,likely_unaltered,none_found,17078519,11281000
11281000,SP_Mag,1,likely_unaltered,none_found,17078519,11281000
11281000,SP_Tim,1,likely_unaltered,none_found,17078519,11281000
11281000,Wet_BFL_Dur,1,likely_unaltered,none_found,17078519,11281000
11281000,Wet_BFL_Mag_10,0,indeterminate,low,17078519,11281000
11281000,Wet_BFL_Mag_50,1,likely_unaltered,none_found,17078519,11281000
11281000,Peak_Dur_10,1,likely_unaltered,none_found,17078519,11281000
11281000,Peak_Dur_2,1,likely_unaltered,none_found,17078519,11281000
11281000,Peak_Dur_5,1,likely_unaltered,none_found,17078519,11281000
11281000,Peak_10,-1,likely_altered,low,17078519,11281000
11281000,Peak_2,1,likely_unaltered,none_found,17078519,11281000
11281000,Peak_5,-1,likely_altered,low,17078519,11281000
11281000,Peak_Fre_10,1,likely_unaltered,none_found,17078519,11281000
11281000,Peak_Fre_2,1,likely_unaltered,none_found,17078519,11281000
11281000,Peak_Fre_5,1,likely_unaltered,none_found,17078519,11281000
11282000,DS_Dur_WS,1,likely_unaltered,none_found,17078467,11282000
11282000,DS_Tim,1,likely_unaltered,none_found,17078467,11282000
11282000,DS_Mag_50,1,likely_unaltered,none_found,17078467,11282000
11282000,DS_Mag_90,1,likely_unaltered,none_found,17078467,11282000
11282000,FA_Dur,1,likely_unaltered,none_found,17078467,11282000
11282000,FA_Mag,0,indeterminate,low,17078467,11282000
11282000,FA_Tim,1,likely_unaltered,none_found,17078467,11282000
11282000,Wet_Tim,1,likely_unaltered,none_found,17078467,11282000
11282000,SP_ROC,1,likely_unaltered,none_found,17078467,11282000
11282000,SP_Dur,1,likely_unaltered,none_found,17078467,11282000
11282000,SP_Mag,1,likely_unaltered,none_found,17078467,11282000
11282000,SP_Tim,1,likely_unaltered,none_found,17078467,11282000
11282000,Wet_BFL_Dur,1,likely_unaltered,none_found,17078467,11282000
11282000,Wet_BFL_Mag_10,1,likely_unaltered,none_found,17078467,11282000
11282000,Wet_BFL_Mag_50,1,likely_unaltered,none_found,17078467,11282000
11282000,Peak_Dur_10,1,likely_unaltered,none_found,17078467,11282000
11282000,Peak_Dur_2,1,likely_unaltered,none_found,17078467,11282000
11282000,Peak_Dur_5,1,likely_unaltered,none_found,17078467,11282000
11282000,Peak_10,-1,likely_altered,low,17078467,11282000
11282000,Peak_2,-1,likely_altered,low,17078467,11282000
11282000,Peak_5,-1,likely_altered,low,17078467,11282000
11282000,Peak_Fre_10,1,likely_unaltered,none_found,17078467,11282000
11282000,Peak_Fre_2,1,likely_unaltered,none_found,17078467,11282000
11282000,Peak_Fre_5,1,likely_unaltered,none_found,17078467,11282000
11409300,DS_Dur_WS,1,likely_unaltered,none_found,8060547,11409300
11409300,DS_Tim,1,likely_unaltered,none_found,8060547,11409300
11409300,DS_Mag_50,1,likely_unaltered,none_found,8060547,11409300
11409300,DS_Mag_90,1,likely_unaltered,none_found,8060547,11409300
11409300,FA_Dur,1,likely_unaltered,none_found,8060547,11409300
11409300,FA_Mag,1,likely_unaltered,none_found,8060547,11409300
11409300,FA_Tim,1,likely_unaltered,none_found,8060547,11409300
11409300,Wet_Tim,1,likely_unaltered,none_found,8060547,11409300
11409300,SP_ROC,1,likely_unaltered,none_found,8060547,11409300
11409300,SP_Dur,1,likely_unaltered,none_found,8060547,11409300
11409300,SP_Mag,1,likely_unaltered,none_found,8060547,11409300
11409300,SP_Tim,1,likely_unaltered,none_found,8060547,11409300
11409300,Wet_BFL_Dur,1,likely_unaltered,none_found,8060547,11409300
11409300,Wet_BFL_Mag_10,0,indeterminate,low,8060547,11409300
11409300,Wet_BFL_Mag_50,1,likely_unaltered,none_found,8060547,11409300
11409300,Peak_Dur_10,1,likely_unaltered,none_found,8060547,11409300
11409300,Peak_Dur_2,1,likely_unaltered,none_found,8060547,11409300
11409300,Peak_Dur_5,1,likely_unaltered,none_found,8060547,11409300
11409300,Peak_10,1,likely_unaltered,none_found,8060547,11409300
11409300,Peak_2,1,likely_unaltered,none_found,8060547,11409300
11409300,Peak_5,1,likely_unaltered,none_found,8060547,11409300
11409300,Peak_Fre_10,1,likely_unaltered,none_found,8060547,11409300
11409300,Peak_Fre_2,1,likely_unaltered,none_found,8060547,11409300
11409300,Peak_Fre_5,1,likely_unaltered,none_found,8060547,11409300
11427700,DS_Dur_WS,1,likely_unaltered,none_found,14992381,11427700
11427700,DS_Tim,1,likely_unaltered,none_found,14992381,11427700
11427700,DS_Mag_50,1,likely_unaltered,none_found,14992381,11427700
11427700,DS_Mag_90,1,likely_unaltered,none_found,14992381,11427700
11427700,FA_Dur,1,likely_unaltered,none_found,14992381,11427700
11427700,FA_Mag,1,likely_unaltered,none_found,14992381,11427700
11427700,FA_Tim,1,likely_unaltered,none_found,14992381,11427700
11427700,Wet_Tim,1,likely_unaltered,none_found,14992381,11427700
11427700,SP_ROC,1,likely_unaltered,none_found,14992381,11427700
11427700,SP_Dur,1,likely_unaltered,none_found,14992381,11427700
11427700,SP_Mag,1,likely_unaltered,none_found,14992381,11427700
11427700,SP_Tim,1,likely_unaltered,none_found,14992381,11427700
11427700,Wet_BFL_Dur,1,likely_unaltered,none_found,14992381,11427700
11427700,Wet_BFL_Mag_10,1,likely_unaltered,none_found,14992381,11427700
11427700,Wet_BFL_Mag_50,1,likely_unaltered,none_found,14992381,11427700
11427700,Peak_Dur_10,1,likely_unaltered,none_found,14992381,11427700
11427700,Peak_Dur_2,1,likely_unaltered,none_found,14992381,11427700
11427700,Peak_Dur_5,1,likely_unaltered,none_found,14992381,11427700
11427700,Peak_10,-1,likely_altered,high,14992381,11427700
11427700,Peak_2,-1,likely_altered,high,14992381,11427700
11427700,Peak_5,-1,likely_altered,high,14992381,11427700
11427700,Peak_Fre_10,1,likely_unaltered,none_found,14992381,11427700
11427700,Peak_Fre_2,1,likely_unaltered,none_found,14992381,11427700
11427700,Peak_Fre_5,1,likely_unaltered,none_found,14992381,11427700
11467200,DS_Dur_WS,1,likely_unaltered,none_found,8271049,11467200
11467200,DS_Tim,1,likely_unaltered,none_found,8271049,11467200
11467200,DS_Mag_50,1,likely_unaltered,none_found,8271049,11467200
11467200,DS_Mag_90,1,likely_unaltered,none_found,8271049,11467200
11467200,FA_Dur,1,likely_unaltered,none_found,8271049,11467200
11467200,FA_Mag,1,likely_unaltered,none_found,8271049,11467200
11467200,FA_Tim,1,likely_unaltered,none_found,8271049,11467200
11467200,Wet_Tim,1,likely_unaltered,none_found,8271049,11467200
11467200,SP_ROC,1,likely_unaltered,none_found,8271049,11467200
11467200,SP_Dur,1,likely_unaltered,none_found,8271049,11467200
11467200,SP_Mag,1,likely_unaltered,none_found,8271049,11467200
11467200,SP_Tim,1,likely_unaltered,none_found,8271049,11467200
11467200,Wet_BFL_Dur,1,likely_unaltered,none_found,8271049,11467200
11467200,Wet_BFL_Mag_10,1,likely_unaltered,none_found,8271049,11467200
11467200,Wet_BFL_Mag_50,1,likely_unaltered,none_found,8271049,11467200
11467200,Peak_Dur_10,1,likely_unaltered,none_found,8271049,11467200
11467200,Peak_Dur_2,1,likely_unaltered,none_found,8271049,11467200
11467200,Peak_Dur_5,1,likely_unaltered,none_found,8271049,11467200
11467200,Peak_10,-1,likely_altered,high,8271049,11467200
11467200,Peak_2,-1,likely_altered,low,8271049,11467200
11467200,Peak_5,-1,likely_altered,low,8271049,11467200
11467200,Peak_Fre_10,1,likely_unaltered,none_found,8271049,11467200
11467200,Peak_Fre_2,1,likely_unaltered,none_found,8271049,11467200
11467200,Peak_Fre_5,1,likely_unaltered,none_found,8271049,11467200
11468500,DS_Dur_WS,1,likely_unaltered,none_found,2665525,11468500
11468500,DS_Tim,1,likely_unaltered,none_found,2665525,11468500
11468500,DS_Mag_50,1,likely_unaltered,none_found,2665525,11468500
11468500,DS_Mag_90,1,likely_unaltered,none_found,2665525,11468500
11468500,FA_Dur,1,likely_unaltered,none_found,2665525,11468500
11468500,FA_Mag,1,likely_unaltered,none_found,2665525,11468500
11468500,FA_Tim,1,likely_unaltered,none_found,2665525,11468500
11468500,Wet_Tim,0,indeterminate,early,2665525,11468500
11468500,SP_ROC,1,likely_unaltered,none_found,2665525,11468500
11468500,SP_Dur,1,likely_unaltered,none_found,2665525,11468500
11468500,SP_Mag,1,likely_unaltered,none_found,2665525,11468500
11468500,SP_Tim,1,likely_unaltered,none_found,2665525,11468500
11468500,Wet_BFL_Dur,1,likely_unaltered,none_found,2665525,11468500
11468500,Wet_BFL_Mag_10,0,indeterminate,low,2665525,11468500
11468500,Wet_BFL_Mag_50,0,indeterminate,low,2665525,11468500
11468500,Peak_Dur_10,1,likely_unaltered,none_found,2665525,11468500
11468500,Peak_Dur_2,1,likely_unaltered,none_found,2665525,11468500
11468500,Peak_Dur_5,1,likely_unaltered,none_found,2665525,11468500
11468500,Peak_10,-1,likely_altered,low,2665525,11468500
11468500,Peak_2,-1,likely_altered,high,2665525,11468500
11468500,Peak_5,-1,likely_altered,low,2665525,11468500
11468500,Peak_Fre_10,1,likely_unaltered,none_found,2665525,11468500
11468500,Peak_Fre_2,1,likely_unaltered,none_found,2665525,11468500
11468500,Peak_Fre_5,1,likely_unaltered,none_found,2665525,11468500
11475560,DS_Dur_WS,1,likely_unaltered,none_found,8287590,11475560
11475560,DS_Tim,1,likely_unaltered,none_found,8287590,11475560
11475560,DS_Mag_50,1,likely_unaltered,none_found,8287590,11475560
11475560,DS_Mag_90,1,likely_unaltered,none_found,8287590,11475560
11475560,FA_Dur,1,likely_unaltered,none_found,8287590,11475560
11475560,FA_Mag,1,likely_unaltered,none_found,8287590,11475560
11475560,FA_Tim,1,likely_unaltered,none_found,8287590,11475560
11475560,Wet_Tim,1,likely_unaltered,none_found,8287590,11475560
11475560,SP_ROC,1,likely_unaltered,none_found,8287590,11475560
11475560,SP_Dur,1,likely_unaltered,none_found,8287590,11475560
11475560,SP_Mag,1,likely_unaltered,none_found,8287590,11475560
11475560,SP_Tim,1,likely_unaltered,none_found,8287590,11475560
11475560,Wet_BFL_Dur,1,likely_unaltered,none_found,8287590,11475560
11475560,Wet_BFL_Mag_10,1,likely_unaltered,none_found,8287590,11475560
11475560,Wet_BFL_Mag_50,1,likely_unaltered,none_found,8287590,11475560
11475560,Peak_Dur_10,1,likely_unaltered,none_found,8287590,11475560
11475560,Peak_Dur_2,1,likely_unaltered,none_found,8287590,11475560
11475560,Peak_Dur_5,1,likely_unaltered,none_found,8287590,11475560
11475560,Peak_10,-1,likely_altered,low,8287590,11475560
11475560,Peak_2,-1,likely_altered,high,8287590,11475560
11475560,Peak_5,-1,likely_altered,low,8287590,11475560
11475560,Peak_Fre_10,1,likely_unaltered,none_found,8287590,11475560
11475560,Peak_Fre_2,1,likely_unaltered,none_found,8287590,11475560
11475560,Peak_Fre_5,1,likely_unaltered,none_found,8287590,11475560
11476600,DS_Dur_WS,1,likely_unaltered,none_found,8284190,11476600
11476600,DS_Tim,1,likely_unaltered,none_found,8284190,11476600
11476600,DS_Mag_50,1,likely_unaltered,none_found,8284190,11476600
11476600,DS_Mag_90,1,likely_unaltered,none_found,8284190,11476600
11476600,FA_Dur,1,likely_unaltered,none_found,8284190,11476600
11476600,FA_Mag,1,likely_unaltered,none_found,8284190,11476600
11476600,FA_Tim,1,likely_unaltered,none_found,8284190,11476600
11476600,Wet_Tim,0,indeterminate,early,8284190,11476600
11476600,SP_ROC,1,likely_unaltered,none_found,8284190,11476600
11476600,SP_Dur,1,likely_unaltered,none_found,8284190,11476600
11476600,SP_Mag,1,likely_unaltered,none_found,8284190,11476600
11476600,SP_Tim,1,likely_unaltered,none_found,8284190,11476600
11476600,Wet_BFL_Dur,1,likely_unaltered,none_found,8284190,11476600
11476600,Wet_BFL_Mag_10,1,likely_unaltered,none_found,8284190,11476600
11476600,Wet_BFL_Mag_50,1,likely_unaltered,none_found,8284190,11476600
11476600,Peak_Dur_10,1,likely_unaltered,none_found,8284190,11476600
11476600,Peak_Dur_2,1,likely_unaltered,none_found,8284190,11476600
11476600,Peak_Dur_5,1,likely_unaltered,none_found,8284190,11476600
11476600,Peak_10,-1,likely_altered,low,8284190,11476600
11476600,Peak_2,1,likely_unaltered,none_found,8284190,11476600
11476600,Peak_5,-1,likely_altered,low,8284190,11476600
11476600,Peak_Fre_10,1,likely_unaltered,none_found,8284190,11476600
11476600,Peak_Fre_2,1,likely_unaltered,none_found,8284190,11476600
11476600,Peak_Fre_5,1,likely_unaltered,none_found,8284190,11476600
11481500,DS_Dur_WS,1,likely_unaltered,none_found,8319319,11481500
11481500,DS_Tim,1,likely_unaltered,none_found,8319319,11481500
11481500,DS_Mag_50,1,likely_unaltered,none_found,8319319,11481500
11481500,DS_Mag_90,1,likely_unaltered,none_found,8319319,11481500
11481500,FA_Dur,1,likely_unaltered,none_found,8319319,11481500
11481500,FA_Mag,1,likely_unaltered,none_found,8319319,11481500
11481500,FA_Tim,1,likely_unaltered,none_found,8319319,11481500
11481500,Wet_Tim,1,likely_unaltered,none_found,8319319,11481500
11481500,SP_ROC,1,likely_unaltered,none_found,8319319,11481500
11481500,SP_Dur,1,likely_unaltered,none_found,8319319,11481500
11481500,SP_Mag,1,likely_unaltered,none_found,8319319,11481500
11481500,SP_Tim,1,likely_unaltered,none_found,8319319,11481500
11481500,Wet_BFL_Dur,1,likely_unaltered,none_found,8319319,11481500
11481500,Wet_BFL_Mag_10,1,likely_unaltered,none_found,8319319,11481500
11481500,Wet_BFL_Mag_50,1,likely_unaltered,none_found,8319319,11481500
11481500,Peak_Dur_10,1,likely_unaltered,none_found,8319319,11481500
11481500,Peak_Dur_2,1,likely_unaltered,none_found,8319319,11481500
11481500,Peak_Dur_5,1,likely_unaltered,none_found,8319319,11481500
11481500,Peak_10,-1,likely_altered,low,8319319,11481500
11481500,Peak_2,-1,likely_altered,low,8319319,11481500
11481500,Peak_5,1,likely_unaltered,none_found,8319319,11481500
11481500,Peak_Fre_10,1,likely_unaltered,none_found,8319319,11481500
11481500,Peak_Fre_2,1,likely_unaltered,none_found,8319319,11481500
11481500,Peak_Fre_5,1,likely_unaltered,none_found,8319319,11481500
11482500,DS_Dur_WS,1,likely_unaltered,none_found,8315607,11482500
11482500,DS_Tim,1,likely_unaltered,none_found,8315607,11482500
11482500,DS_Mag_50,1,likely_unaltered,none_found,8315607,11482500
11482500,DS_Mag_90,1,likely_unaltered,none_found,8315607,11482500
11482500,FA_Dur,1,likely_unaltered,none_found,8315607,11482500
11482500,FA_Mag,1,likely_unaltered,none_found,8315607,11482500
11482500,FA_Tim,1,likely_unaltered,none_found,8315607,11482500
11482500,Wet_Tim,0,indeterminate,early,8315607,11482500
11482500,SP_ROC,1,likely_unaltered,none_found,8315607,11482500
11482500,SP_Dur,1,likely_unaltered,none_found,8315607,11482500
11482500,SP_Mag,1,likely_unaltered,none_found,8315607,11482500
11482500,SP_Tim,1,likely_unaltered,none_found,8315607,11482500
11482500,Wet_BFL_Dur,1,likely_unaltered,none_found,8315607,11482500
11482500,Wet_BFL_Mag_10,1,likely_unaltered,none_found,8315607,11482500
11482500,Wet_BFL_Mag_50,1,likely_unaltered,none_found,8315607,11482500
11482500,Peak_Dur_10,1,likely_unaltered,none_found,8315607,11482500
11482500,Peak_Dur_2,1,likely_unaltered,none_found,8315607,11482500
11482500,Peak_Dur_5,1,likely_unaltered,none_found,8315607,11482500
11482500,Peak_10,-1,likely_altered,low,8315607,11482500
11482500,Peak_2,-1,likely_altered,low,8315607,11482500
11482500,Peak_5,-1,likely_altered,low,8315607,11482500
11482500,Peak_Fre_10,1,likely_unaltered,none_found,8315607,11482500
11482500,Peak_Fre_2,1,likely_unaltered,none_found,8315607,11482500
11482500,Peak_Fre_5,1,likely_unaltered,none_found,8315607,11482500
11528700,DS_Dur_WS,1,likely_unaltered,none_found,8232392,11528700
11528700,DS_Tim,1,likely_unaltered,none_found,8232392,11528700
11528700,DS_Mag_50,1,likely_unaltered,none_found,8232392,11528700
11528700,DS_Mag_90,1,likely_unaltered,none_found,8232392,11528700
11528700,FA_Dur,1,likely_unaltered,none_found,8232392,11528700
11528700,FA_Mag,1,likely_unaltered,none_found,8232392,11528700
11528700,FA_Tim,1,likely_unaltered,none_found,8232392,11528700
11528700,Wet_Tim,1,likely_unaltered,none_found,8232392,11528700
11528700,SP_ROC,1,likely_unaltered,none_found,8232392,11528700
11528700,SP_Dur,1,likely_unaltered,none_found,8232392,11528700
11528700,SP_Mag,1,likely_unaltered,none_found,8232392,11528700
11528700,SP_Tim,1,likely_unaltered,none_found,8232392,11528700
11528700,Wet_BFL_Dur,0,indeterminate,high,8232392,11528700
11528700,Wet_BFL_Mag_10,0,indeterminate,low,8232392,11528700
11528700,Wet_BFL_Mag_50,1,likely_unaltered,none_found,8232392,11528700
11528700,Peak_Dur_10,1,likely_unaltered,none_found,8232392,11528700
11528700,Peak_Dur_2,1,likely_unaltered,none_found,8232392,11528700
11528700,Peak_Dur_5,1,likely_unaltered,none_found,8232392,11528700
11528700,Peak_10,-1,likely_altered,low,8232392,11528700
11528700,Peak_2,-1,likely_altered,high,8232392,11528700
11528700,Peak_5,-1,likely_altered,high,8232392,11528700
11528700,Peak_Fre_10,1,likely_unaltered,none_found,8232392,11528700
11528700,Peak_Fre_2,1,likely_unaltered,none_found,8232392,11528700
11528700,Peak_Fre_5,1,likely_unaltered,none_found,8232392,11528700
11532500,DS_Dur_WS,1,likely_unaltered,none_found,22226820,11532500
11532500,DS_Tim,1,likely_unaltered,none_found,22226820,11532500
11532500,DS_Mag_50,1,likely_unaltered,none_found,22226820,11532500
11532500,DS_Mag_90,1,likely_unaltered,none_found,22226820,11532500
11532500,FA_Dur,1,likely_unaltered,none_found,22226820,11532500
11532500,FA_Mag,1,likely_unaltered,none_found,22226820,11532500
11532500,FA_Tim,1,likely_unaltered,none_found,22226820,11532500
11532500,Wet_Tim,-1,likely_altered,early,22226820,11532500
11532500,SP_ROC,1,likely_unaltered,none_found,22226820,11532500
11532500,SP_Dur,1,likely_unaltered,none_found,22226820,11532500
11532500,SP_Mag,1,likely_unaltered,none_found,22226820,11532500
11532500,SP_Tim,1,likely_unaltered,none_found,22226820,11532500
11532500,Wet_BFL_Dur,0,indeterminate,high,22226820,11532500
11532500,Wet_BFL_Mag_10,0,indeterminate,low,22226820,11532500
11532500,Wet_BFL_Mag_50,1,likely_unaltered,none_found,22226820,11532500
11532500,Peak_Dur_10,1,likely_unaltered,none_found,22226820,11532500
11532500,Peak_Dur_2,1,likely_unaltered,none_found,22226820,11532500
11532500,Peak_Dur_5,1,likely_unaltered,none_found,22226820,11532500
11532500,Peak_10,-1,likely_altered,low,22226820,11532500
11532500,Peak_2,-1,likely_altered,low,22226820,11532500
11532500,Peak_5,-1,likely_altered,low,22226820,11532500
11532500,Peak_Fre_10,1,likely_unaltered,none_found,22226820,11532500
11532500,Peak_Fre_2,1,likely_unaltered,none_found,22226820,11532500
11532500,Peak_Fre_5,1,likely_unaltered,none_found,22226820,11532500
103087891,DS_Dur_WS,NA,Not_enough_data,undeterminable,8922743,103087891
103087891,DS_Tim,NA,Not_enough_data,undeterminable,8922743,103087891
103087891,DS_Mag_50,NA,Not_enough_data,undeterminable,8922743,103087891
103087891,DS_Mag_90,NA,Not_enough_data,undeterminable,8922743,103087891
103087891,FA_Mag,NA,Not_enough_data,undeterminable,8922743,103087891
103087891,FA_Tim,NA,Not_enough_data,undeterminable,8922743,103087891
103087891,Wet_Tim,NA,Not_enough_data,undeterminable,8922743,103087891
103087891,SP_Dur,NA,Not_enough_data,undeterminable,8922743,103087891
103087891,SP_Mag,NA,Not_enough_data,undeterminable,8922743,103087891
103087891,SP_Tim,NA,Not_enough_data,undeterminable,8922743,103087891
103087891,Wet_BFL_Dur,NA,Not_enough_data,undeterminable,8922743,103087891
103087891,Wet_BFL_Mag_10,NA,Not_enough_data,undeterminable,8922743,103087891
103087891,Wet_BFL_Mag_50,NA,Not_enough_data,undeterminable,8922743,103087891
103087891,Peak_10,-1,likely_altered,low,8922743,103087891
103087891,Peak_2,1,likely_unaltered,none_found,8922743,103087891
103087891,Peak_5,-1,likely_altered,low,8922743,103087891
103367592,DS_Dur_WS,-1,likely_altered,low,8944415,103367592
103367592,DS_Tim,1,likely_unaltered,none_found,8944415,103367592
103367592,DS_Mag_50,-1,likely_altered,high,8944415,103367592
103367592,DS_Mag_90,-1,likely_altered,high,8944415,103367592
103367592,FA_Mag,NA,Not_enough_data,undeterminable,8944415,103367592
103367592,FA_Tim,NA,Not_enough_data,undeterminable,8944415,103367592
103367592,Wet_Tim,-1,likely_altered,early,8944415,103367592
103367592,SP_Dur,1,likely_unaltered,none_found,8944415,103367592
103367592,SP_Mag,1,likely_unaltered,none_found,8944415,103367592
103367592,SP_Tim,-1,likely_altered,early,8944415,103367592
103367592,Wet_BFL_Dur,1,likely_unaltered,none_found,8944415,103367592
103367592,Wet_BFL_Mag_10,-1,likely_altered,high,8944415,103367592
103367592,Wet_BFL_Mag_50,1,likely_unaltered,none_found,8944415,103367592
103367592,Peak_10,1,likely_unaltered,none_found,8944415,103367592
103367592,Peak_2,1,likely_unaltered,none_found,8944415,103367592
103367592,Peak_5,1,likely_unaltered,none_found,8944415,103367592
